Image,MOS,if_test
bag_gQP_1_tQP_1.ply,86.69456186,0
bag_gQP_1_tQP_2.ply,76.14530845,0
bag_gQP_1_tQP_3.ply,52.85558429,0
bag_gQP_2_tQP_1.ply,52.1814527,0
bag_gQP_2_tQP_2.ply,49.31511353,0
bag_gQP_2_tQP_3.ply,39.10736912,0
bag_gQP_3_tQP_1.ply,27.44033309,0
bag_gQP_3_tQP_2.ply,32.01772343,0
bag_gQP_3_tQP_3.ply,29.61486469,0
bag_gsigma_0_tsigma_16.ply,86.24911138,0
bag_gsigma_0_tsigma_32.ply,62.11964039,0
bag_gsigma_0_tsigma_8.ply,88.78171897,0
bag_gsigma_2_tsigma_16.ply,49.36475509,0
bag_gsigma_2_tsigma_32.ply,43.75380957,0
bag_gsigma_2_tsigma_8.ply,56.92145553,0
bag_gsigma_4_tsigma_16.ply,21.98784769,0
bag_gsigma_4_tsigma_32.ply,22.43616482,0
bag_gsigma_4_tsigma_8.ply,22.37620413,0
bag_level_7.ply,9.59532456,0
bag_level_8.ply,18.23796415,0
bag_level_9.ply,82.74107891,0
bag_pqs_1_qs_16_rounded.ply,90.340738,0
bag_pqs_1_qs_32_rounded.ply,81.83884571,0
bag_pqs_1_qs_48_rounded.ply,58.43553789,0
bag_pqs_1_qs_64_rounded.ply,62.55491922,0
bag_tsl_4_tqs_128.ply,62.21628821,0
bag_tsl_4_tqs_256.ply,36.26609788,0
bag_tsl_4_tqs_512.ply,20.84981283,0
bag_tsl_4_tqs_64.ply,67.09168867,0
bag_tsl_6_tqs_128.ply,48.88989054,0
bag_tsl_6_tqs_256.ply,40.2873935,0
bag_tsl_6_tqs_512.ply,24.60106839,0
bag_tsl_6_tqs_64.ply,58.51287376,0
bag_tsl_8_tqs_128.ply,80.66164159,0
bag_tsl_8_tqs_256.ply,60.38564447,0
bag_tsl_8_tqs_512.ply,34.95747094,0
bag_tsl_8_tqs_64.ply,90.36817669,0
biscuits_gQP_1_tQP_1.ply,80.64772987,0
biscuits_gQP_1_tQP_2.ply,69.66364063,0
biscuits_gQP_1_tQP_3.ply,55.29057762,0
biscuits_gQP_2_tQP_1.ply,68.13405141,0
biscuits_gQP_2_tQP_2.ply,65.29075052,0
biscuits_gQP_2_tQP_3.ply,53.1133493,0
biscuits_gQP_3_tQP_1.ply,67.14806687,0
biscuits_gQP_3_tQP_2.ply,54.19129873,0
biscuits_gQP_3_tQP_3.ply,45.67685542,0
biscuits_gsigma_0_tsigma_16.ply,70.89991405,0
biscuits_gsigma_0_tsigma_32.ply,40.47262999,0
biscuits_gsigma_0_tsigma_8.ply,82.28266671,0
biscuits_gsigma_2_tsigma_16.ply,55.54540274,0
biscuits_gsigma_2_tsigma_32.ply,37.85852516,0
biscuits_gsigma_2_tsigma_8.ply,60.93076647,0
biscuits_gsigma_4_tsigma_16.ply,43.1335575,0
biscuits_gsigma_4_tsigma_32.ply,25.37935374,0
biscuits_gsigma_4_tsigma_8.ply,46.58815205,0
biscuits_level_7.ply,6.910472714,0
biscuits_level_8.ply,26.07829319,0
biscuits_level_9.ply,78.90662046,0
biscuits_pqs_1_qs_16_rounded.ply,85.08186966,0
biscuits_pqs_1_qs_32_rounded.ply,74.44788099,0
biscuits_pqs_1_qs_48_rounded.ply,40.20381716,0
biscuits_pqs_1_qs_64_rounded.ply,24.03115802,0
biscuits_tsl_4_tqs_128.ply,20.56426096,0
biscuits_tsl_4_tqs_256.ply,17.38710508,0
biscuits_tsl_4_tqs_512.ply,11.29893963,0
biscuits_tsl_4_tqs_64.ply,18.04515443,0
biscuits_tsl_6_tqs_128.ply,68.95568291,0
biscuits_tsl_6_tqs_256.ply,46.84884777,0
biscuits_tsl_6_tqs_512.ply,27.49479604,0
biscuits_tsl_6_tqs_64.ply,83.00914582,0
biscuits_tsl_8_tqs_128.ply,71.1781634,0
biscuits_tsl_8_tqs_256.ply,50.5576824,0
biscuits_tsl_8_tqs_512.ply,24.26462774,0
biscuits_tsl_8_tqs_64.ply,81.60694704,0
cake_gQP_1_tQP_1.ply,80.20526502,1
cake_gQP_1_tQP_2.ply,71.92097573,1
cake_gQP_1_tQP_3.ply,53.38313209,1
cake_gQP_2_tQP_1.ply,55.79723355,1
cake_gQP_2_tQP_2.ply,51.11284661,1
cake_gQP_2_tQP_3.ply,49.40907712,1
cake_gQP_3_tQP_1.ply,27.03674282,1
cake_gQP_3_tQP_2.ply,25.93804334,1
cake_gQP_3_tQP_3.ply,25.63802684,1
cake_gsigma_0_tsigma_16.ply,68.48543238,1
cake_gsigma_0_tsigma_32.ply,44.28105151,1
cake_gsigma_0_tsigma_8.ply,82.3590312,1
cake_gsigma_2_tsigma_16.ply,58.68613346,1
cake_gsigma_2_tsigma_32.ply,40.58216881,1
cake_gsigma_2_tsigma_8.ply,67.14183949,1
cake_gsigma_4_tsigma_16.ply,45.00850006,1
cake_gsigma_4_tsigma_32.ply,33.58645616,1
cake_gsigma_4_tsigma_8.ply,50.02089902,1
cake_level_7.ply,7.770366309,1
cake_level_8.ply,17.08593154,1
cake_level_9.ply,64.34512167,1
cake_pqs_1_qs_16_rounded.ply,90.78201527,1
cake_pqs_1_qs_32_rounded.ply,62.31185039,1
cake_pqs_1_qs_48_rounded.ply,34.56216851,1
cake_pqs_1_qs_64_rounded.ply,24.85902515,1
cake_tsl_4_tqs_128.ply,71.41920062,1
cake_tsl_4_tqs_256.ply,53.06015189,1
cake_tsl_4_tqs_512.ply,21.54060176,1
cake_tsl_4_tqs_64.ply,83.76018893,1
cake_tsl_6_tqs_128.ply,79.74237911,1
cake_tsl_6_tqs_256.ply,51.50226832,1
cake_tsl_6_tqs_512.ply,27.39548212,1
cake_tsl_6_tqs_64.ply,82.75849407,1
cake_tsl_8_tqs_128.ply,83.19207028,1
cake_tsl_8_tqs_256.ply,62.14575182,1
cake_tsl_8_tqs_512.ply,32.96552511,1
cake_tsl_8_tqs_64.ply,90.65408252,1
flowerpot_gQP_1_tQP_1.ply,77.9924891,0
flowerpot_gQP_1_tQP_2.ply,70.82967664,0
flowerpot_gQP_1_tQP_3.ply,56.33702042,0
flowerpot_gQP_2_tQP_1.ply,61.47860246,0
flowerpot_gQP_2_tQP_2.ply,54.35333863,0
flowerpot_gQP_2_tQP_3.ply,37.97715453,0
flowerpot_gQP_3_tQP_1.ply,30.83918671,0
flowerpot_gQP_3_tQP_2.ply,28.31674627,0
flowerpot_gQP_3_tQP_3.ply,33.17403326,0
flowerpot_gsigma_0_tsigma_16.ply,62.72356697,0
flowerpot_gsigma_0_tsigma_32.ply,41.92492394,0
flowerpot_gsigma_0_tsigma_8.ply,84.32262699,0
flowerpot_gsigma_2_tsigma_16.ply,45.68188406,0
flowerpot_gsigma_2_tsigma_32.ply,32.11130646,0
flowerpot_gsigma_2_tsigma_8.ply,54.12593121,0
flowerpot_gsigma_4_tsigma_16.ply,41.92953214,0
flowerpot_gsigma_4_tsigma_32.ply,30.13147384,0
flowerpot_gsigma_4_tsigma_8.ply,43.83704173,0
flowerpot_level_7.ply,11.73484953,0
flowerpot_level_8.ply,17.74699624,0
flowerpot_level_9.ply,52.62549563,0
flowerpot_pqs_1_qs_16_rounded.ply,91.33270127,0
flowerpot_pqs_1_qs_32_rounded.ply,74.40304247,0
flowerpot_pqs_1_qs_48_rounded.ply,51.57107457,0
flowerpot_pqs_1_qs_64_rounded.ply,27.74273204,0
flowerpot_tsl_4_tqs_128.ply,4.548071475,0
flowerpot_tsl_4_tqs_256.ply,9.016393772,0
flowerpot_tsl_4_tqs_512.ply,9.018618048,0
flowerpot_tsl_4_tqs_64.ply,8.191728357,0
flowerpot_tsl_6_tqs_128.ply,61.56948953,0
flowerpot_tsl_6_tqs_256.ply,38.44130143,0
flowerpot_tsl_6_tqs_512.ply,24.99414861,0
flowerpot_tsl_6_tqs_64.ply,72.41894136,0
flowerpot_tsl_8_tqs_128.ply,76.26218224,0
flowerpot_tsl_8_tqs_256.ply,50.3957702,0
flowerpot_tsl_8_tqs_512.ply,31.2096695,0
flowerpot_tsl_8_tqs_64.ply,91.69369146,0
glasses_case_gQP_1_tQP_1.ply,79.5227268,1
glasses_case_gQP_1_tQP_2.ply,75.73406854,1
glasses_case_gQP_1_tQP_3.ply,52.0035238,1
glasses_case_gQP_2_tQP_1.ply,60.26589689,1
glasses_case_gQP_2_tQP_2.ply,56.3976326,1
glasses_case_gQP_2_tQP_3.ply,41.98232603,1
glasses_case_gQP_3_tQP_1.ply,27.77453966,1
glasses_case_gQP_3_tQP_2.ply,29.48230096,1
glasses_case_gQP_3_tQP_3.ply,28.14483738,1
glasses_case_gsigma_0_tsigma_16.ply,78.22695922,1
glasses_case_gsigma_0_tsigma_32.ply,57.46174075,1
glasses_case_gsigma_0_tsigma_8.ply,89.99496763,1
glasses_case_gsigma_2_tsigma_16.ply,43.96125739,1
glasses_case_gsigma_2_tsigma_32.ply,32.33984357,1
glasses_case_gsigma_2_tsigma_8.ply,42.95205493,1
glasses_case_gsigma_4_tsigma_16.ply,21.53502251,1
glasses_case_gsigma_4_tsigma_32.ply,26.68705974,1
glasses_case_gsigma_4_tsigma_8.ply,22.29518507,1
glasses_case_level_7.ply,10.70325612,1
glasses_case_level_8.ply,19.03975259,1
glasses_case_level_9.ply,69.24813673,1
glasses_case_pqs_1_qs_16_rounded.ply,90.00909084,1
glasses_case_pqs_1_qs_32_rounded.ply,85.17535619,1
glasses_case_pqs_1_qs_48_rounded.ply,69.24420872,1
glasses_case_pqs_1_qs_64_rounded.ply,50.61958082,1
glasses_case_tsl_4_tqs_128.ply,73.24135477,1
glasses_case_tsl_4_tqs_256.ply,54.66142653,1
glasses_case_tsl_4_tqs_512.ply,28.10649938,1
glasses_case_tsl_4_tqs_64.ply,81.04599946,1
glasses_case_tsl_6_tqs_128.ply,54.89596744,1
glasses_case_tsl_6_tqs_256.ply,35.91425495,1
glasses_case_tsl_6_tqs_512.ply,23.88538209,1
glasses_case_tsl_6_tqs_64.ply,53.78676569,1
glasses_case_tsl_8_tqs_128.ply,77.89721037,1
glasses_case_tsl_8_tqs_256.ply,52.66644107,1
glasses_case_tsl_8_tqs_512.ply,33.49483616,1
glasses_case_tsl_8_tqs_64.ply,79.49317365,1
honeydew_melon_gQP_1_tQP_1.ply,85.52765533,0
honeydew_melon_gQP_1_tQP_2.ply,74.17353139,0
honeydew_melon_gQP_1_tQP_3.ply,58.12105658,0
honeydew_melon_gQP_2_tQP_1.ply,63.27436376,0
honeydew_melon_gQP_2_tQP_2.ply,62.44898754,0
honeydew_melon_gQP_2_tQP_3.ply,47.44246097,0
honeydew_melon_gQP_3_tQP_1.ply,46.08520633,0
honeydew_melon_gQP_3_tQP_2.ply,45.96369786,0
honeydew_melon_gQP_3_tQP_3.ply,39.60295452,0
honeydew_melon_gsigma_0_tsigma_16.ply,79.57471034,0
honeydew_melon_gsigma_0_tsigma_32.ply,46.84073251,0
honeydew_melon_gsigma_0_tsigma_8.ply,92.66246004,0
honeydew_melon_gsigma_2_tsigma_16.ply,54.85708373,0
honeydew_melon_gsigma_2_tsigma_32.ply,30.28857854,0
honeydew_melon_gsigma_2_tsigma_8.ply,65.39565957,0
honeydew_melon_gsigma_4_tsigma_16.ply,44.80889224,0
honeydew_melon_gsigma_4_tsigma_32.ply,31.01073402,0
honeydew_melon_gsigma_4_tsigma_8.ply,40.17866933,0
honeydew_melon_level_7.ply,5.739747099,0
honeydew_melon_level_8.ply,20.5582786,0
honeydew_melon_level_9.ply,87.62268458,0
honeydew_melon_pqs_1_qs_16_rounded.ply,88.33736389,0
honeydew_melon_pqs_1_qs_32_rounded.ply,78.17302378,0
honeydew_melon_pqs_1_qs_48_rounded.ply,62.13609637,0
honeydew_melon_pqs_1_qs_64_rounded.ply,30.17348313,0
honeydew_melon_tsl_4_tqs_128.ply,42.63010541,0
honeydew_melon_tsl_4_tqs_256.ply,25.91631271,0
honeydew_melon_tsl_4_tqs_512.ply,10.83065115,0
honeydew_melon_tsl_4_tqs_64.ply,49.65916531,0
honeydew_melon_tsl_6_tqs_128.ply,52.89687637,0
honeydew_melon_tsl_6_tqs_256.ply,35.59875651,0
honeydew_melon_tsl_6_tqs_512.ply,13.90621355,0
honeydew_melon_tsl_6_tqs_64.ply,54.8827352,0
honeydew_melon_tsl_8_tqs_128.ply,81.35073792,0
honeydew_melon_tsl_8_tqs_256.ply,41.71858667,0
honeydew_melon_tsl_8_tqs_512.ply,14.29429985,0
honeydew_melon_tsl_8_tqs_64.ply,88.0734534,0
house_gQP_1_tQP_1.ply,92.22795336,1
house_gQP_1_tQP_2.ply,70.65323091,1
house_gQP_1_tQP_3.ply,38.25820985,1
house_gQP_2_tQP_1.ply,74.45270788,1
house_gQP_2_tQP_2.ply,63.06019202,1
house_gQP_2_tQP_3.ply,40.79004677,1
house_gQP_3_tQP_1.ply,40.63937374,1
house_gQP_3_tQP_2.ply,37.12616089,1
house_gQP_3_tQP_3.ply,29.22124359,1
house_gsigma_0_tsigma_16.ply,69.80583942,1
house_gsigma_0_tsigma_32.ply,48.93321579,1
house_gsigma_0_tsigma_8.ply,90.17113564,1
house_gsigma_2_tsigma_16.ply,46.30083599,1
house_gsigma_2_tsigma_32.ply,34.86645876,1
house_gsigma_2_tsigma_8.ply,48.68141211,1
house_gsigma_4_tsigma_16.ply,29.89754144,1
house_gsigma_4_tsigma_32.ply,19.38454229,1
house_gsigma_4_tsigma_8.ply,35.68854777,1
house_level_7.ply,2.953877424,1
house_level_8.ply,15.94446242,1
house_level_9.ply,63.69121032,1
house_pqs_1_qs_16_rounded.ply,88.432011,1
house_pqs_1_qs_32_rounded.ply,77.69216307,1
house_pqs_1_qs_48_rounded.ply,68.06703004,1
house_pqs_1_qs_64_rounded.ply,50.59385382,1
house_tsl_4_tqs_128.ply,54.31101695,1
house_tsl_4_tqs_256.ply,37.90143461,1
house_tsl_4_tqs_512.ply,22.39643651,1
house_tsl_4_tqs_64.ply,65.09485808,1
house_tsl_6_tqs_128.ply,75.3571452,1
house_tsl_6_tqs_256.ply,42.98648413,1
house_tsl_6_tqs_512.ply,26.58473454,1
house_tsl_6_tqs_64.ply,84.77302695,1
house_tsl_8_tqs_128.ply,80.24781187,1
house_tsl_8_tqs_256.ply,52.60120652,1
house_tsl_8_tqs_512.ply,27.60330842,1
house_tsl_8_tqs_64.ply,86.7884343,1
litchi_gQP_1_tQP_1.ply,83.82459716,0
litchi_gQP_1_tQP_2.ply,73.7164483,0
litchi_gQP_1_tQP_3.ply,59.29219253,0
litchi_gQP_2_tQP_1.ply,62.08415891,0
litchi_gQP_2_tQP_2.ply,49.46809496,0
litchi_gQP_2_tQP_3.ply,40.8373808,0
litchi_gQP_3_tQP_1.ply,38.8157313,0
litchi_gQP_3_tQP_2.ply,41.62178436,0
litchi_gQP_3_tQP_3.ply,29.95124476,0
litchi_gsigma_0_tsigma_16.ply,78.99324726,0
litchi_gsigma_0_tsigma_32.ply,40.75832148,0
litchi_gsigma_0_tsigma_8.ply,92.5519659,0
litchi_gsigma_2_tsigma_16.ply,55.46141956,0
litchi_gsigma_2_tsigma_32.ply,39.75588339,0
litchi_gsigma_2_tsigma_8.ply,66.69196192,0
litchi_gsigma_4_tsigma_16.ply,43.39649489,0
litchi_gsigma_4_tsigma_32.ply,32.56601573,0
litchi_gsigma_4_tsigma_8.ply,39.07952026,0
litchi_level_7.ply,2.482748258,0
litchi_level_8.ply,23.51904767,0
litchi_level_9.ply,88.25654022,0
litchi_pqs_1_qs_16_rounded.ply,90.59614947,0
litchi_pqs_1_qs_32_rounded.ply,72.26469753,0
litchi_pqs_1_qs_48_rounded.ply,43.15755648,0
litchi_pqs_1_qs_64_rounded.ply,32.09673457,0
litchi_tsl_4_tqs_128.ply,33.92753037,0
litchi_tsl_4_tqs_256.ply,24.48177139,0
litchi_tsl_4_tqs_512.ply,14.16383462,0
litchi_tsl_4_tqs_64.ply,41.44995622,0
litchi_tsl_6_tqs_128.ply,66.52326242,0
litchi_tsl_6_tqs_256.ply,38.63096165,0
litchi_tsl_6_tqs_512.ply,21.54700544,0
litchi_tsl_6_tqs_64.ply,76.61593988,0
litchi_tsl_8_tqs_128.ply,72.29047685,0
litchi_tsl_8_tqs_256.ply,52.24182148,0
litchi_tsl_8_tqs_512.ply,25.86577269,0
litchi_tsl_8_tqs_64.ply,89.13485285,0
pen_container_gQP_1_tQP_1.ply,73.52634804,0
pen_container_gQP_1_tQP_2.ply,70.28884535,0
pen_container_gQP_1_tQP_3.ply,46.53720777,0
pen_container_gQP_2_tQP_1.ply,53.34469001,0
pen_container_gQP_2_tQP_2.ply,44.33274307,0
pen_container_gQP_2_tQP_3.ply,48.20411042,0
pen_container_gQP_3_tQP_1.ply,33.30402412,0
pen_container_gQP_3_tQP_2.ply,41.84397306,0
pen_container_gQP_3_tQP_3.ply,31.29669104,0
pen_container_gsigma_0_tsigma_16.ply,71.56783481,0
pen_container_gsigma_0_tsigma_32.ply,46.96382835,0
pen_container_gsigma_0_tsigma_8.ply,89.21398884,0
pen_container_gsigma_2_tsigma_16.ply,42.52148539,0
pen_container_gsigma_2_tsigma_32.ply,31.71810296,0
pen_container_gsigma_2_tsigma_8.ply,49.60595949,0
pen_container_gsigma_4_tsigma_16.ply,27.73032223,0
pen_container_gsigma_4_tsigma_32.ply,26.76427729,0
pen_container_gsigma_4_tsigma_8.ply,32.68372466,0
pen_container_level_7.ply,2.804935525,0
pen_container_level_8.ply,21.11616176,0
pen_container_level_9.ply,69.83589159,0
pen_container_pqs_1_qs_16_rounded.ply,89.99880847,0
pen_container_pqs_1_qs_32_rounded.ply,76.86578198,0
pen_container_pqs_1_qs_48_rounded.ply,65.20220124,0
pen_container_pqs_1_qs_64_rounded.ply,54.48224583,0
pen_container_tsl_4_tqs_128.ply,16.44390869,0
pen_container_tsl_4_tqs_256.ply,15.93659647,0
pen_container_tsl_4_tqs_512.ply,12.59679012,0
pen_container_tsl_4_tqs_64.ply,16.4123228,0
pen_container_tsl_6_tqs_128.ply,66.92772188,0
pen_container_tsl_6_tqs_256.ply,41.38784241,0
pen_container_tsl_6_tqs_512.ply,25.2678055,0
pen_container_tsl_6_tqs_64.ply,81.92204441,0
pen_container_tsl_8_tqs_128.ply,77.20825479,0
pen_container_tsl_8_tqs_256.ply,56.30186956,0
pen_container_tsl_8_tqs_512.ply,33.14918481,0
pen_container_tsl_8_tqs_64.ply,85.34021252,0
ping-pong_bat_gQP_1_tQP_1.ply,73.32501116,0
ping-pong_bat_gQP_1_tQP_2.ply,63.85195787,0
ping-pong_bat_gQP_1_tQP_3.ply,53.26474741,0
ping-pong_bat_gQP_2_tQP_1.ply,61.7305609,0
ping-pong_bat_gQP_2_tQP_2.ply,57.05151055,0
ping-pong_bat_gQP_2_tQP_3.ply,42.26146311,0
ping-pong_bat_gQP_3_tQP_1.ply,35.55000273,0
ping-pong_bat_gQP_3_tQP_2.ply,34.66209677,0
ping-pong_bat_gQP_3_tQP_3.ply,36.75484397,0
ping-pong_bat_gsigma_0_tsigma_16.ply,59.9268872,0
ping-pong_bat_gsigma_0_tsigma_32.ply,45.26451967,0
ping-pong_bat_gsigma_0_tsigma_8.ply,85.76939372,0
ping-pong_bat_gsigma_2_tsigma_16.ply,43.72573164,0
ping-pong_bat_gsigma_2_tsigma_32.ply,36.8020878,0
ping-pong_bat_gsigma_2_tsigma_8.ply,53.59356464,0
ping-pong_bat_gsigma_4_tsigma_16.ply,31.37290037,0
ping-pong_bat_gsigma_4_tsigma_32.ply,28.12785458,0
ping-pong_bat_gsigma_4_tsigma_8.ply,36.83180396,0
ping-pong_bat_level_7.ply,10.66904823,0
ping-pong_bat_level_8.ply,26.11003906,0
ping-pong_bat_level_9.ply,85.71748306,0
ping-pong_bat_pqs_1_qs_16_rounded.ply,91.84153463,0
ping-pong_bat_pqs_1_qs_32_rounded.ply,57.33546331,0
ping-pong_bat_pqs_1_qs_48_rounded.ply,41.32431727,0
ping-pong_bat_pqs_1_qs_64_rounded.ply,28.34999248,0
ping-pong_bat_tsl_4_tqs_128.ply,5.608914607,0
ping-pong_bat_tsl_4_tqs_256.ply,4.172555657,0
ping-pong_bat_tsl_4_tqs_512.ply,5.085960367,0
ping-pong_bat_tsl_4_tqs_64.ply,5.51761495,0
ping-pong_bat_tsl_6_tqs_128.ply,50.0484513,0
ping-pong_bat_tsl_6_tqs_256.ply,33.49455035,0
ping-pong_bat_tsl_6_tqs_512.ply,26.98407872,0
ping-pong_bat_tsl_6_tqs_64.ply,70.2438173,0
ping-pong_bat_tsl_8_tqs_128.ply,52.63107514,0
ping-pong_bat_tsl_8_tqs_256.ply,38.25323224,0
ping-pong_bat_tsl_8_tqs_512.ply,30.36277636,0
ping-pong_bat_tsl_8_tqs_64.ply,77.24077289,0
puer_tea_gQP_1_tQP_1.ply,77.91470095,0
puer_tea_gQP_1_tQP_2.ply,75.4444591,0
puer_tea_gQP_1_tQP_3.ply,51.29887452,0
puer_tea_gQP_2_tQP_1.ply,62.50545414,0
puer_tea_gQP_2_tQP_2.ply,63.42565477,0
puer_tea_gQP_2_tQP_3.ply,48.99328461,0
puer_tea_gQP_3_tQP_1.ply,49.25330318,0
puer_tea_gQP_3_tQP_2.ply,42.08416878,0
puer_tea_gQP_3_tQP_3.ply,37.31071354,0
puer_tea_gsigma_0_tsigma_16.ply,48.63259403,0
puer_tea_gsigma_0_tsigma_32.ply,34.7408577,0
puer_tea_gsigma_0_tsigma_8.ply,79.47669335,0
puer_tea_gsigma_2_tsigma_16.ply,32.5523098,0
puer_tea_gsigma_2_tsigma_32.ply,27.4135991,0
puer_tea_gsigma_2_tsigma_8.ply,43.47026556,0
puer_tea_gsigma_4_tsigma_16.ply,22.98694951,0
puer_tea_gsigma_4_tsigma_32.ply,17.4081868,0
puer_tea_gsigma_4_tsigma_8.ply,24.00198769,0
puer_tea_level_7.ply,3.153462529,0
puer_tea_level_8.ply,16.26033493,0
puer_tea_level_9.ply,77.84326641,0
puer_tea_pqs_1_qs_16_rounded.ply,88.77922488,0
puer_tea_pqs_1_qs_32_rounded.ply,57.83074034,0
puer_tea_pqs_1_qs_48_rounded.ply,53.83101443,0
puer_tea_pqs_1_qs_64_rounded.ply,48.01354497,0
puer_tea_tsl_4_tqs_128.ply,26.81991353,0
puer_tea_tsl_4_tqs_256.ply,12.19981534,0
puer_tea_tsl_4_tqs_512.ply,5.842224721,0
puer_tea_tsl_4_tqs_64.ply,22.63056663,0
puer_tea_tsl_6_tqs_128.ply,62.98621215,0
puer_tea_tsl_6_tqs_256.ply,28.55586178,0
puer_tea_tsl_6_tqs_512.ply,16.59954847,0
puer_tea_tsl_6_tqs_64.ply,86.88044877,0
puer_tea_tsl_8_tqs_128.ply,61.79745668,0
puer_tea_tsl_8_tqs_256.ply,36.11364107,0
puer_tea_tsl_8_tqs_512.ply,21.54590932,0
puer_tea_tsl_8_tqs_64.ply,79.84533052,0
pumpkin_gQP_1_tQP_1.ply,80.03200907,0
pumpkin_gQP_1_tQP_2.ply,63.62860455,0
pumpkin_gQP_1_tQP_3.ply,41.50382095,0
pumpkin_gQP_2_tQP_1.ply,57.30854338,0
pumpkin_gQP_2_tQP_2.ply,56.34774299,0
pumpkin_gQP_2_tQP_3.ply,41.51596423,0
pumpkin_gQP_3_tQP_1.ply,46.14227709,0
pumpkin_gQP_3_tQP_2.ply,37.54247859,0
pumpkin_gQP_3_tQP_3.ply,30.23205216,0
pumpkin_gsigma_0_tsigma_16.ply,73.8480628,0
pumpkin_gsigma_0_tsigma_32.ply,47.64524874,0
pumpkin_gsigma_0_tsigma_8.ply,88.71289491,0
pumpkin_gsigma_2_tsigma_16.ply,50.88715487,0
pumpkin_gsigma_2_tsigma_32.ply,36.13580208,0
pumpkin_gsigma_2_tsigma_8.ply,59.70275662,0
pumpkin_gsigma_4_tsigma_16.ply,37.90024828,0
pumpkin_gsigma_4_tsigma_32.ply,26.06866845,0
pumpkin_gsigma_4_tsigma_8.ply,37.62442881,0
pumpkin_level_7.ply,1.812600251,0
pumpkin_level_8.ply,20.6394442,0
pumpkin_level_9.ply,76.03000232,0
pumpkin_pqs_1_qs_16_rounded.ply,85.62141081,0
pumpkin_pqs_1_qs_32_rounded.ply,83.04295679,0
pumpkin_pqs_1_qs_48_rounded.ply,71.63365401,0
pumpkin_pqs_1_qs_64_rounded.ply,52.24143669,0
pumpkin_tsl_4_tqs_128.ply,78.67404727,0
pumpkin_tsl_4_tqs_256.ply,53.12513301,0
pumpkin_tsl_4_tqs_512.ply,28.67861771,0
pumpkin_tsl_4_tqs_64.ply,86.44648425,0
pumpkin_tsl_6_tqs_128.ply,62.2123483,0
pumpkin_tsl_6_tqs_256.ply,48.3776982,0
pumpkin_tsl_6_tqs_512.ply,25.68112045,0
pumpkin_tsl_6_tqs_64.ply,66.90624806,0
pumpkin_tsl_8_tqs_128.ply,78.97698177,0
pumpkin_tsl_8_tqs_256.ply,55.34363898,0
pumpkin_tsl_8_tqs_512.ply,29.76480834,0
pumpkin_tsl_8_tqs_64.ply,87.77156724,0
ship_gQP_1_tQP_1.ply,86.83243163,0
ship_gQP_1_tQP_2.ply,79.66953395,0
ship_gQP_1_tQP_3.ply,64.65363881,0
ship_gQP_2_tQP_1.ply,52.75587535,0
ship_gQP_2_tQP_2.ply,53.07130936,0
ship_gQP_2_tQP_3.ply,44.99481835,0
ship_gQP_3_tQP_1.ply,32.70113044,0
ship_gQP_3_tQP_2.ply,30.07825606,0
ship_gQP_3_tQP_3.ply,32.37187738,0
ship_gsigma_0_tsigma_16.ply,60.02590379,0
ship_gsigma_0_tsigma_32.ply,44.71311782,0
ship_gsigma_0_tsigma_8.ply,81.87614964,0
ship_gsigma_2_tsigma_16.ply,46.24280768,0
ship_gsigma_2_tsigma_32.ply,29.47047405,0
ship_gsigma_2_tsigma_8.ply,44.32391178,0
ship_gsigma_4_tsigma_16.ply,30.23841126,0
ship_gsigma_4_tsigma_32.ply,22.57182481,0
ship_gsigma_4_tsigma_8.ply,24.15903763,0
ship_level_7.ply,5.790659407,0
ship_level_8.ply,15.26715745,0
ship_level_9.ply,51.16749334,0
ship_pqs_1_qs_16_rounded.ply,91.89237886,0
ship_pqs_1_qs_32_rounded.ply,68.90628136,0
ship_pqs_1_qs_48_rounded.ply,60.85370266,0
ship_pqs_1_qs_64_rounded.ply,48.18439311,0
ship_tsl_4_tqs_128.ply,15.97910476,0
ship_tsl_4_tqs_256.ply,11.72465248,0
ship_tsl_4_tqs_512.ply,12.63710724,0
ship_tsl_4_tqs_64.ply,13.43235303,0
ship_tsl_6_tqs_128.ply,68.10486694,0
ship_tsl_6_tqs_256.ply,41.18616309,0
ship_tsl_6_tqs_512.ply,25.1244404,0
ship_tsl_6_tqs_64.ply,80.47808166,0
ship_tsl_8_tqs_128.ply,76.5494553,0
ship_tsl_8_tqs_256.ply,45.60453851,0
ship_tsl_8_tqs_512.ply,32.56767817,0
ship_tsl_8_tqs_64.ply,86.41452606,0
statue_gQP_1_tQP_1.ply,82.16544475,0
statue_gQP_1_tQP_2.ply,74.36868381,0
statue_gQP_1_tQP_3.ply,52.98086999,0
statue_gQP_2_tQP_1.ply,65.277898,0
statue_gQP_2_tQP_2.ply,58.03915102,0
statue_gQP_2_tQP_3.ply,45.29396388,0
statue_gQP_3_tQP_1.ply,25.88641621,0
statue_gQP_3_tQP_2.ply,32.58541188,0
statue_gQP_3_tQP_3.ply,26.9301373,0
statue_gsigma_0_tsigma_16.ply,69.24903345,0
statue_gsigma_0_tsigma_32.ply,49.2759668,0
statue_gsigma_0_tsigma_8.ply,85.11947303,0
statue_gsigma_2_tsigma_16.ply,39.41233042,0
statue_gsigma_2_tsigma_32.ply,34.7558873,0
statue_gsigma_2_tsigma_8.ply,50.14553046,0
statue_gsigma_4_tsigma_16.ply,27.72288456,0
statue_gsigma_4_tsigma_32.ply,32.99521449,0
statue_gsigma_4_tsigma_8.ply,31.38009148,0
statue_level_7.ply,11.04592674,0
statue_level_8.ply,24.44605069,0
statue_level_9.ply,69.02141066,0
statue_pqs_1_qs_16_rounded.ply,87.01573408,0
statue_pqs_1_qs_32_rounded.ply,77.27978223,0
statue_pqs_1_qs_48_rounded.ply,67.40476035,0
statue_pqs_1_qs_64_rounded.ply,54.10887739,0
statue_tsl_4_tqs_128.ply,19.6972695,0
statue_tsl_4_tqs_256.ply,16.40082892,0
statue_tsl_4_tqs_512.ply,11.34401742,0
statue_tsl_4_tqs_64.ply,19.55881932,0
statue_tsl_6_tqs_128.ply,67.76035361,0
statue_tsl_6_tqs_256.ply,48.22983919,0
statue_tsl_6_tqs_512.ply,29.73847696,0
statue_tsl_6_tqs_64.ply,77.30130872,0
statue_tsl_8_tqs_128.ply,78.36511751,0
statue_tsl_8_tqs_256.ply,57.66573011,0
statue_tsl_8_tqs_512.ply,35.57328452,0
statue_tsl_8_tqs_64.ply,88.31888572,0
stone_gQP_1_tQP_1.ply,78.81994767,0
stone_gQP_1_tQP_2.ply,55.96429471,0
stone_gQP_1_tQP_3.ply,38.19125206,0
stone_gQP_2_tQP_1.ply,58.87870931,0
stone_gQP_2_tQP_2.ply,56.0219352,0
stone_gQP_2_tQP_3.ply,34.46225059,0
stone_gQP_3_tQP_1.ply,41.76109598,0
stone_gQP_3_tQP_2.ply,35.62049168,0
stone_gQP_3_tQP_3.ply,26.01342874,0
stone_gsigma_0_tsigma_16.ply,75.06155601,0
stone_gsigma_0_tsigma_32.ply,47.83686368,0
stone_gsigma_0_tsigma_8.ply,86.87668482,0
stone_gsigma_2_tsigma_16.ply,62.4059409,0
stone_gsigma_2_tsigma_32.ply,47.62512297,0
stone_gsigma_2_tsigma_8.ply,71.61570912,0
stone_gsigma_4_tsigma_16.ply,36.85294226,0
stone_gsigma_4_tsigma_32.ply,24.09074637,0
stone_gsigma_4_tsigma_8.ply,34.41591904,0
stone_level_7.ply,8.580533193,0
stone_level_8.ply,20.64931138,0
stone_level_9.ply,86.87232128,0
stone_pqs_1_qs_16_rounded.ply,80.90892544,0
stone_pqs_1_qs_32_rounded.ply,69.48493262,0
stone_pqs_1_qs_48_rounded.ply,77.06861834,0
stone_pqs_1_qs_64_rounded.ply,65.57957273,0
stone_tsl_4_tqs_128.ply,47.17354673,0
stone_tsl_4_tqs_256.ply,34.22061434,0
stone_tsl_4_tqs_512.ply,18.76360461,0
stone_tsl_4_tqs_64.ply,57.63837411,0
stone_tsl_6_tqs_128.ply,60.65492093,0
stone_tsl_6_tqs_256.ply,42.3730925,0
stone_tsl_6_tqs_512.ply,22.63591963,0
stone_tsl_6_tqs_64.ply,65.93925975,0
stone_tsl_8_tqs_128.ply,75.68153655,0
stone_tsl_8_tqs_256.ply,47.43694567,0
stone_tsl_8_tqs_512.ply,20.31259474,0
stone_tsl_8_tqs_64.ply,76.96861244,0
tool_box_gQP_1_tQP_1.ply,77.18180348,1
tool_box_gQP_1_tQP_2.ply,59.17937263,1
tool_box_gQP_1_tQP_3.ply,56.75944471,1
tool_box_gQP_2_tQP_1.ply,57.87079799,1
tool_box_gQP_2_tQP_2.ply,57.21173403,1
tool_box_gQP_2_tQP_3.ply,45.32187464,1
tool_box_gQP_3_tQP_1.ply,44.48994269,1
tool_box_gQP_3_tQP_2.ply,47.63715478,1
tool_box_gQP_3_tQP_3.ply,34.6512822,1
tool_box_gsigma_0_tsigma_16.ply,47.65395833,1
tool_box_gsigma_0_tsigma_32.ply,33.38089522,1
tool_box_gsigma_0_tsigma_8.ply,74.07774205,1
tool_box_gsigma_2_tsigma_16.ply,30.49113539,1
tool_box_gsigma_2_tsigma_32.ply,19.73538966,1
tool_box_gsigma_2_tsigma_8.ply,42.15868369,1
tool_box_gsigma_4_tsigma_16.ply,22.03286169,1
tool_box_gsigma_4_tsigma_32.ply,13.71265605,1
tool_box_gsigma_4_tsigma_8.ply,27.6145146,1
tool_box_level_7.ply,7.788150814,1
tool_box_level_8.ply,25.35706923,1
tool_box_level_9.ply,72.96806866,1
tool_box_pqs_1_qs_16_rounded.ply,82.50891381,1
tool_box_pqs_1_qs_32_rounded.ply,58.74124972,1
tool_box_pqs_1_qs_48_rounded.ply,38.80305363,1
tool_box_pqs_1_qs_64_rounded.ply,22.59810553,1
tool_box_tsl_4_tqs_128.ply,43.48063326,1
tool_box_tsl_4_tqs_256.ply,21.33990424,1
tool_box_tsl_4_tqs_512.ply,9.772409239,1
tool_box_tsl_4_tqs_64.ply,53.81005804,1
tool_box_tsl_6_tqs_128.ply,46.71853642,1
tool_box_tsl_6_tqs_256.ply,31.69048484,1
tool_box_tsl_6_tqs_512.ply,13.24459477,1
tool_box_tsl_6_tqs_64.ply,80.4800722,1
tool_box_tsl_8_tqs_128.ply,52.16919467,1
tool_box_tsl_8_tqs_256.ply,29.3246156,1
tool_box_tsl_8_tqs_512.ply,18.08086476,1
tool_box_tsl_8_tqs_64.ply,73.87057596,1
banana_gQP_1_tQP_1.ply,60.30135594,0
banana_gQP_1_tQP_2.ply,56.05951863,0
banana_gQP_1_tQP_3.ply,52.14230175,0
banana_gQP_2_tQP_1.ply,43.47696839,0
banana_gQP_2_tQP_2.ply,43.98226716,0
banana_gQP_2_tQP_3.ply,39.80857854,0
banana_gQP_3_tQP_1.ply,29.10726664,0
banana_gQP_3_tQP_2.ply,23.95632388,0
banana_gQP_3_tQP_3.ply,22.65939287,0
banana_gsigma_0_tsigma_16.ply,60.4722494,0
banana_gsigma_0_tsigma_32.ply,40.11307634,0
banana_gsigma_0_tsigma_8.ply,83.0931383,0
banana_gsigma_2_tsigma_16.ply,49.66770221,0
banana_gsigma_2_tsigma_32.ply,31.34629454,0
banana_gsigma_2_tsigma_8.ply,50.75512514,0
banana_gsigma_4_tsigma_16.ply,27.01710822,0
banana_gsigma_4_tsigma_32.ply,23.38349674,0
banana_gsigma_4_tsigma_8.ply,31.97703197,0
banana_level_7.ply,7.109028314,0
banana_level_8.ply,23.08348257,0
banana_level_9.ply,89.49153987,0
banana_pqs_1_qs_16_rounded.ply,82.92557282,0
banana_pqs_1_qs_32_rounded.ply,78.10954901,0
banana_pqs_1_qs_48_rounded.ply,61.89404966,0
banana_pqs_1_qs_64_rounded.ply,40.01541846,0
banana_tsl_4_tqs_128.ply,52.49538462,0
banana_tsl_4_tqs_256.ply,34.18431286,0
banana_tsl_4_tqs_512.ply,29.94302564,0
banana_tsl_4_tqs_64.ply,54.12092417,0
banana_tsl_6_tqs_128.ply,79.9250077,0
banana_tsl_6_tqs_256.ply,61.62952635,0
banana_tsl_6_tqs_512.ply,35.85265105,0
banana_tsl_6_tqs_64.ply,83.18362987,0
banana_tsl_8_tqs_128.ply,86.14465436,0
banana_tsl_8_tqs_256.ply,61.90144929,0
banana_tsl_8_tqs_512.ply,38.96808477,0
banana_tsl_8_tqs_64.ply,84.62807112,0
cauliflower_gQP_1_tQP_1.ply,87.62483924,0
cauliflower_gQP_1_tQP_2.ply,69.93401821,0
cauliflower_gQP_1_tQP_3.ply,55.86648008,0
cauliflower_gQP_2_tQP_1.ply,77.6400648,0
cauliflower_gQP_2_tQP_2.ply,61.72646927,0
cauliflower_gQP_2_tQP_3.ply,50.22284116,0
cauliflower_gQP_3_tQP_1.ply,34.47364814,0
cauliflower_gQP_3_tQP_2.ply,27.41161955,0
cauliflower_gQP_3_tQP_3.ply,30.23139757,0
cauliflower_gsigma_0_tsigma_16.ply,57.42510381,0
cauliflower_gsigma_0_tsigma_32.ply,40.19071723,0
cauliflower_gsigma_0_tsigma_8.ply,77.76226833,0
cauliflower_gsigma_2_tsigma_16.ply,53.13171917,0
cauliflower_gsigma_2_tsigma_32.ply,31.36818616,0
cauliflower_gsigma_2_tsigma_8.ply,64.1622967,0
cauliflower_gsigma_4_tsigma_16.ply,44.40470161,0
cauliflower_gsigma_4_tsigma_32.ply,27.32584159,0
cauliflower_gsigma_4_tsigma_8.ply,47.85717299,0
cauliflower_level_7.ply,8.793459623,0
cauliflower_level_8.ply,16.03060304,0
cauliflower_level_9.ply,74.68114942,0
cauliflower_pqs_1_qs_16_rounded.ply,90.03846164,0
cauliflower_pqs_1_qs_32_rounded.ply,63.72945614,0
cauliflower_pqs_1_qs_48_rounded.ply,27.07846018,0
cauliflower_pqs_1_qs_64_rounded.ply,14.40334861,0
cauliflower_tsl_4_tqs_128.ply,42.18869294,0
cauliflower_tsl_4_tqs_256.ply,33.13006869,0
cauliflower_tsl_4_tqs_512.ply,26.6104176,0
cauliflower_tsl_4_tqs_64.ply,61.90399729,0
cauliflower_tsl_6_tqs_128.ply,64.27065355,0
cauliflower_tsl_6_tqs_256.ply,41.86633972,0
cauliflower_tsl_6_tqs_512.ply,29.74216566,0
cauliflower_tsl_6_tqs_64.ply,75.53395733,0
cauliflower_tsl_8_tqs_128.ply,79.76526676,0
cauliflower_tsl_8_tqs_256.ply,43.98790896,0
cauliflower_tsl_8_tqs_512.ply,27.74439609,0
cauliflower_tsl_8_tqs_64.ply,92.85136908,0
mushroom_gQP_1_tQP_1.ply,77.73240747,0
mushroom_gQP_1_tQP_2.ply,43.61266042,0
mushroom_gQP_1_tQP_3.ply,36.81092275,0
mushroom_gQP_2_tQP_1.ply,60.55695582,0
mushroom_gQP_2_tQP_2.ply,46.37013719,0
mushroom_gQP_2_tQP_3.ply,30.96539789,0
mushroom_gQP_3_tQP_1.ply,30.04520696,0
mushroom_gQP_3_tQP_2.ply,26.24890703,0
mushroom_gQP_3_tQP_3.ply,20.3048466,0
mushroom_gsigma_0_tsigma_16.ply,75.09878823,0
mushroom_gsigma_0_tsigma_32.ply,49.35994386,0
mushroom_gsigma_0_tsigma_8.ply,94.30498452,0
mushroom_gsigma_2_tsigma_16.ply,46.54985717,0
mushroom_gsigma_2_tsigma_32.ply,38.48644541,0
mushroom_gsigma_2_tsigma_8.ply,53.853365,0
mushroom_gsigma_4_tsigma_16.ply,37.94959663,0
mushroom_gsigma_4_tsigma_32.ply,25.0118684,0
mushroom_gsigma_4_tsigma_8.ply,43.44282972,0
mushroom_level_7.ply,3.822951858,0
mushroom_level_8.ply,14.84418465,0
mushroom_level_9.ply,60.86093383,0
mushroom_pqs_1_qs_16_rounded.ply,89.21731077,0
mushroom_pqs_1_qs_32_rounded.ply,67.34013651,0
mushroom_pqs_1_qs_48_rounded.ply,44.95037706,0
mushroom_pqs_1_qs_64_rounded.ply,36.25293665,0
mushroom_tsl_4_tqs_128.ply,25.11673039,0
mushroom_tsl_4_tqs_256.ply,23.09139883,0
mushroom_tsl_4_tqs_512.ply,15.51013445,0
mushroom_tsl_4_tqs_64.ply,30.03413945,0
mushroom_tsl_6_tqs_128.ply,48.06095734,0
mushroom_tsl_6_tqs_256.ply,31.50071671,0
mushroom_tsl_6_tqs_512.ply,19.43317801,0
mushroom_tsl_6_tqs_64.ply,67.31096329,0
mushroom_tsl_8_tqs_128.ply,67.67772932,0
mushroom_tsl_8_tqs_256.ply,40.49803148,0
mushroom_tsl_8_tqs_512.ply,25.02467546,0
mushroom_tsl_8_tqs_64.ply,88.27427314,0
pineapple_gQP_1_tQP_1.ply,80.61949084,0
pineapple_gQP_1_tQP_2.ply,63.4549413,0
pineapple_gQP_1_tQP_3.ply,46.0406663,0
pineapple_gQP_2_tQP_1.ply,65.78228073,0
pineapple_gQP_2_tQP_2.ply,50.05562483,0
pineapple_gQP_2_tQP_3.ply,34.38091608,0
pineapple_gQP_3_tQP_1.ply,49.76449396,0
pineapple_gQP_3_tQP_2.ply,48.87305811,0
pineapple_gQP_3_tQP_3.ply,32.0423144,0
pineapple_gsigma_0_tsigma_16.ply,71.00193693,0
pineapple_gsigma_0_tsigma_32.ply,46.79505656,0
pineapple_gsigma_0_tsigma_8.ply,84.52102377,0
pineapple_gsigma_2_tsigma_16.ply,46.57022418,0
pineapple_gsigma_2_tsigma_32.ply,33.10576109,0
pineapple_gsigma_2_tsigma_8.ply,54.34960733,0
pineapple_gsigma_4_tsigma_16.ply,37.64440405,0
pineapple_gsigma_4_tsigma_32.ply,32.97754017,0
pineapple_gsigma_4_tsigma_8.ply,39.16435793,0
pineapple_level_7.ply,2.239905326,0
pineapple_level_8.ply,19.29522572,0
pineapple_level_9.ply,68.22419612,0
pineapple_pqs_1_qs_16_rounded.ply,87.77451825,0
pineapple_pqs_1_qs_32_rounded.ply,68.39850184,0
pineapple_pqs_1_qs_48_rounded.ply,39.87160473,0
pineapple_pqs_1_qs_64_rounded.ply,23.88089977,0
pineapple_tsl_4_tqs_128.ply,63.26745992,0
pineapple_tsl_4_tqs_256.ply,38.95716868,0
pineapple_tsl_4_tqs_512.ply,22.17458195,0
pineapple_tsl_4_tqs_64.ply,72.74186109,0
pineapple_tsl_6_tqs_128.ply,54.87963725,0
pineapple_tsl_6_tqs_256.ply,42.95864394,0
pineapple_tsl_6_tqs_512.ply,22.95752369,0
pineapple_tsl_6_tqs_64.ply,63.04691124,0
pineapple_tsl_8_tqs_128.ply,74.12073085,0
pineapple_tsl_8_tqs_256.ply,49.59547029,0
pineapple_tsl_8_tqs_512.ply,30.34832817,0
pineapple_tsl_8_tqs_64.ply,86.21409658,0
